,index,MatchId,num_map,Map,Section,Timestamp,Team,RoundName,Point,Player,Hero,HeroDamageDealt,BarrierDamageDealt,DamageBlocked,DamageTaken,Deaths,Eliminations,FinalBlows,EnvironmentalDeaths,EnvironmentalKills,HealingDealt,ObjectiveKills,SoloKills,UltimatesEarned,UltimatesUsed,UltimateCharge,Cooldown1,Cooldown2,CooldownSecondaryFire,CooldownCrouching,IsAlive,MaxHealth,Health,DefensiveAssists,OffensiveAssists,IsBurning,IsKnockedDown,IsAsleep,IsFrozen,IsUnkillable,IsInvincible,IsRooted,IsStunned,IsHacked,TimePlayed,AllDamageDealt,HealingReceived,Cooldown1%,Cooldown2%,CooldownSecondaryFire%,CooldownCrouching%,Health%,NumAlive,Point/s,HeroDamageDealt/s,BarrierDamageDealt/s,DamageBlocked/s,DamageTaken/s,Deaths/s,Eliminations/s,FinalBlows/s,EnvironmentalDeaths/s,EnvironmentalKills/s,HealingDealt/s,ObjectiveKills/s,SoloKills/s,UltimatesEarned/s,UltimatesUsed/s,UltimateCharge/s,Cooldown1/s,Cooldown2/s,CooldownSecondaryFire/s,CooldownCrouching/s,IsAlive/s,MaxHealth/s,Health/s,DefensiveAssists/s,OffensiveAssists/s,IsBurning/s,IsKnockedDown/s,IsAsleep/s,IsFrozen/s,IsUnkillable/s,IsInvincible/s,IsRooted/s,IsStunned/s,IsHacked/s,Version/s,TimePlayed/s,AllDamageDealt/s,HealingReceived/s,Cooldown1%/s,Cooldown2%/s,CooldownSecondaryFire%/s,CooldownCrouching%/s,Health%/s,NumAlive/s,RCP,FBValue,DeathRisk,TF_order,TF_winner,TF_duration,TF_RCP_sum,TF_RCP_weighted_sum,DominanceIndex,Position,DeathByHero,DeathByAbility,DeathByPlayer,Resurrected,DuplicatedHero,DuplicateStatus,FacingDirection,Team1Player1InViewAngle,Team1Player2InViewAngle,Team1Player3InViewAngle,Team1Player4InViewAngle,Team1Player5InViewAngle,Team2Player1InViewAngle,Team2Player2InViewAngle,Team2Player3InViewAngle,Team2Player4InViewAngle,Team2Player5InViewAngle,IsEchoUlt,Version
231,231,220507_072322,0,Colosseo,0,23.19,GZC,Defense,0.0,Develop,Soldier: 76,364.22,0.0,0.0,141.69,0,1,1,0,0,7.35,0,0,0,0,18,0.0,14.63,0.0,0.0,1,200.0,153.82,0,0,0,0,0,0,0,0,0,0,0,23.19,364.22,92.12,0.0,0.9818791946308725,0.0,0.0,0.7691,5,0.0,144.22000000000003,0.0,0.0,60.0,0.0,1.0,1.0,0.0,0.0,7.35,0.0,0.0,0.0,0.0,5.0,0.0,14.63,0.0,0.0,0.0,0.0,-9.25,0.0,0.0,0.0,0.0,0.0,0.0,0.0,0.0,0.0,0.0,0.0,0.0,1.0100000000000016,144.22000000000003,10.430000000000007,0.0,0.9818791946308725,0.0,0.0,-0.04625000000000001,0.0,1.8,1.8,0.0,1.0,GZC,24.190000000000005,17.75,25.52161565188701,0.10965314715110476,"(-12.60, 1.93, -19.20)",,,,,,,"(-0.99, -0.02, 0.13)",0,1,0,1,0,0,1,0,0,0,0.0,2.1
265,265,220507_072322,0,Colosseo,0,26.21,PHI,Offense,0.0,AimGod,Ana,177.01,0.0,0.0,170.0,0,1,1,0,0,449.78,0,0,0,0,30,0.0,8.25,0.0,0.0,1,200.0,160.24,0,0,0,0,0,0,0,0,0,0,0,26.21,177.01,137.14,0.0,0.825,0.0,0.0,0.8012,4,0.0,17.00999999999999,0.0,0.0,20.0,0.0,1.0,1.0,0.0,0.0,0.0,0.0,0.0,0.0,0.0,2.0,0.0,-1.0099999999999998,0.0,0.0,0.0,0.0,19.140000000000015,0.0,0.0,0.0,0.0,0.0,0.0,0.0,0.0,0.0,0.0,0.0,0.0,1.0100000000000016,17.00999999999999,67.32999999999998,0.0,-0.10099999999999998,0.0,0.0,0.09570000000000001,0.0,0.0,1.8,0.0,1.0,GZC,24.190000000000005,17.75,25.52161565188701,0.10965314715110476,"(-18.16, 1.80, -20.99)",,,,,,,"(0.89, -0.17, 0.42)",0,1,0,0,1,0,1,0,1,1,0.0,2.1
280,280,220507_072322,0,Colosseo,0,28.23,GZC,Defense,0.0,ChoiSehwan,Genji,356.24,50.0,0.0,29.0,0,1,1,0,0,0.0,0,0,0,0,22,0.0,0.0,0.0,0.0,1,200.0,200.0,0,0,0,0,0,0,0,0,0,0,0,28.23,406.24,29.0,0.0,0.0,0.0,0.0,1.0,4,0.0,106.84,50.0,0.0,0.0,0.0,1.0,1.0,0.0,0.0,0.0,0.0,0.0,0.0,0.0,6.0,0.0,0.0,0.0,0.0,0.0,0.0,0.0,0.0,0.0,0.0,0.0,0.0,0.0,0.0,0.0,0.0,0.0,0.0,0.0,1.0100000000000016,156.84,0.0,0.0,0.0,0.0,0.0,0.0,0.0,1.75,1.75,0.0,1.0,GZC,24.190000000000005,17.75,25.52161565188701,0.10965314715110476,"(-7.60, 2.00, -7.57)",,,,,,,"(-0.66, -0.00, -0.75)",1,0,1,0,1,0,0,0,0,0,0.0,2.1
584,584,220507_072322,0,Colosseo,0,58.47,GZC,Defense,0.0,Unique,Lucio,329.3,220.0,0.0,70.72,0,2,1,0,0,369.53,1,0,0,0,34,0.0,10.82,3.7,0.0,1,200.0,200.0,1,2,0,0,0,0,0,0,0,0,0,58.47,549.3,70.72,0.0,0.9039264828738512,0.9319899244332494,0.0,1.0,5,0.0,40.30000000000001,0.0,0.0,0.0,0.0,1.0,1.0,0.0,0.0,7.67999999999995,1.0,0.0,0.0,0.0,2.0,0.0,-1.0,3.7,0.0,0.0,0.0,0.0,1.0,1.0,0.0,0.0,0.0,0.0,0.0,0.0,0.0,0.0,0.0,0.0,1.009999999999998,40.299999999999955,0.0,0.0,-0.0835421888053467,0.9319899244332494,0.0,0.0,0.0,1.8,1.8,0.0,2.0,GZC,38.300000000000004,48.249999999999986,68.04965343951027,0.10965314715110476,"(-9.53, 2.47, 9.44)",,,,,,,"(0.35, -0.39, 0.85)",1,0,1,1,1,1,0,1,1,1,0.0,2.1
597,597,220507_072322,0,Colosseo,0,59.48,PHI,Offense,0.0,FiXa,Lucio,203.8,0.0,0.0,137.16,0,1,1,0,0,224.23,1,0,0,0,24,0.0,5.23,2.31,0.0,1,200.0,37.43,1,1,0,0,0,0,0,0,0,0,0,59.48,203.8,95.58,0.0,0.4369256474519633,0.5818639798488665,0.0,0.18715,4,0.0,29.30000000000001,0.0,0.0,45.11999999999999,0.0,1.0,1.0,0.0,0.0,3.549999999999983,1.0,0.0,0.0,0.0,1.0,0.0,-1.0099999999999998,-1.0,0.0,0.0,0.0,-162.57,0.0,1.0,0.0,0.0,0.0,0.0,0.0,0.0,0.0,0.0,0.0,0.0,1.009999999999998,29.30000000000001,3.539999999999992,0.0,-0.0843776106934001,-0.2518891687657431,0.0,-0.81285,0.0,0.0,1.8,0.0,2.0,GZC,38.300000000000004,48.249999999999986,68.04965343951027,0.10965314715110476,"(-4.18, 1.13, 5.71)",,,,,,,"(0.98, 0.02, -0.17)",1,0,1,1,1,1,0,0,1,1,0.0,2.1
731,731,220507_072322,0,Colosseo,0,73.59,GZC,Defense,0.0,Develop,Soldier: 76,889.86,359.78,0.0,525.71,1,3,2,0,0,109.18,0,0,0,0,57,0.0,12.54,0.0,0.0,1,200.0,78.42,0,0,0,0,0,0,0,0,0,0,0,73.59,1249.6399999999999,193.94,0.0,0.8416107382550335,0.0,0.0,0.3921,5,0.0,68.23000000000002,0.0,0.0,0.0,0.0,2.0,1.0,0.0,0.0,30.55000000000001,0.0,0.0,0.0,0.0,5.0,0.0,-1.0,0.0,0.0,0.0,0.0,37.34,0.0,0.0,0.0,0.0,0.0,0.0,0.0,0.0,0.0,0.0,0.0,0.0,1.0100000000000051,68.23000000000002,30.55000000000001,0.0,-0.06711409395973156,0.0,0.0,0.1867,0.0,3.2,1.4000000000000001,0.0,2.0,GZC,38.300000000000004,48.249999999999986,68.04965343951027,0.10965314715110476,"(-1.51, 0.53, 8.35)",,,,,,,"(0.94, 0.17, 0.30)",0,1,0,0,0,0,0,1,0,0,0.0,2.1
733,733,220507_072322,0,Colosseo,0,73.59,GZC,Defense,0.0,Rio,Winston,768.98,107.56,324.92,962.95,0,3,1,0,0,0.0,1,0,0,0,63,0.0,0.0,0.0,0.0,1,550.0,422.6,0,0,0,0,0,0,0,0,0,0,0,73.59,876.54,821.41,0.0,0.0,0.0,0.0,0.7683636363636364,5,0.0,15.870000000000005,0.0,0.0,31.5,0.0,1.0,1.0,0.0,0.0,0.0,0.0,0.0,0.0,0.0,1.0,0.0,-0.18,0.0,0.0,0.0,0.0,-17.359999999999957,0.0,0.0,0.0,0.0,0.0,0.0,0.0,0.0,0.0,0.0,0.0,0.0,1.0100000000000051,15.86999999999989,0.0,0.0,-0.015012510425354461,0.0,0.0,-0.03156363636363635,0.0,3.2,1.4000000000000001,0.0,2.0,GZC,38.300000000000004,48.249999999999986,68.04965343951027,0.10965314715110476,"(17.26, 2.00, -2.38)",,,,,,,"(-0.88, 0.33, 0.33)",1,0,1,0,1,0,0,0,1,1,0.0,2.1
784,784,220507_072322,0,Colosseo,0,78.63,GZC,Defense,0.0,Unique,Lucio,625.84,220.0,0.0,164.72,0,4,2,0,0,952.17,1,0,0,0,68,0.0,8.14,3.97,0.0,1,200.0,200.0,2,3,0,0,0,0,0,0,0,0,0,78.63,845.84,164.72,0.0,0.6800334168755221,1.0,0.0,1.0,5,0.0,11.540000000000077,0.0,0.0,0.0,0.0,1.0,1.0,0.0,0.0,21.25,0.0,0.0,0.0,0.0,1.0,0.0,-1.0099999999999998,3.97,0.0,0.0,0.0,0.0,0.0,0.0,0.0,0.0,0.0,0.0,0.0,0.0,0.0,0.0,0.0,0.0,1.009999999999991,11.540000000000077,0.0,0.0,-0.08437761069340022,1.0,0.0,0.0,0.0,4.2,1.0,0.0,2.0,GZC,38.300000000000004,48.249999999999986,68.04965343951027,0.10965314715110476,"(25.70, 4.45, 14.66)",,,,,,,"(0.59, -0.37, 0.71)",0,1,1,0,1,0,1,1,1,0,0.0,2.1
797,797,220507_072322,0,Colosseo,0,79.63,PHI,Offense,0.0,FiXa,Lucio,555.65,0.0,0.0,493.4,0,2,2,0,0,783.94,2,1,0,0,58,0.0,0.37,0.0,0.0,1,200.0,200.0,1,1,0,0,0,0,0,0,0,0,0,79.63,555.65,490.72,0.0,0.030910609857978277,0.0,0.0,1.0,2,0.0,80.84999999999997,0.0,0.0,0.0,0.0,1.0,1.0,0.0,0.0,26.210000000000036,1.0,1.0,0.0,0.0,3.0,0.0,-1.0099999999999998,0.0,0.0,0.0,0.0,23.889999999999986,0.0,0.0,0.0,0.0,0.0,0.0,0.0,0.0,0.0,0.0,0.0,0.0,1.0,80.84999999999997,26.210000000000036,0.0,-0.08437761069340015,0.0,0.0,0.11944999999999995,0.0,3.0,1.2000000000000002,0.0,2.0,GZC,38.300000000000004,48.249999999999986,68.04965343951027,0.10965314715110476,"(-8.21, 1.01, 12.03)",,,,,,,"(-0.89, 0.10, 0.44)",0,1,0,0,0,0,0,1,1,0,0.0,2.1
850,850,220507_072322,0,Colosseo,0,85.68,GZC,Defense,0.0,ChoiSehwan,Genji,1075.69,254.0,0.0,513.52,0,5,2,0,0,0.0,1,0,0,0,68,0.0,7.63,0.0,0.0,1,200.0,200.0,0,0,0,0,0,0,0,0,0,0,0,85.68,1329.69,513.52,0.0,0.956140350877193,0.0,0.0,1.0,4,0.0,8.049999999999955,0.0,0.0,0.0,0.0,1.0,1.0,0.0,0.0,0.0,0.0,0.0,0.0,0.0,1.0,0.0,7.63,0.0,0.0,0.0,0.0,71.66,0.0,0.0,0.0,0.0,0.0,0.0,0.0,0.0,0.0,0.0,0.0,0.0,1.0,8.049999999999955,71.65999999999997,0.0,0.956140350877193,0.0,0.0,0.35829999999999995,0.0,1.75,1.75,0.0,2.0,GZC,38.300000000000004,48.249999999999986,68.04965343951027,0.10965314715110476,"(16.04, 2.41, 11.16)",,,,,,,"(-0.91, -0.09, -0.42)",0,0,1,1,1,0,1,0,1,0,0.0,2.1
1129,1129,220507_072322,0,Colosseo,0,112.9,PHI,Offense,0.0,ZEST,Genji,1138.35,87.0,0.0,646.03,2,1,1,0,0,0.0,0,0,0,0,80,0.0,0.0,0.0,0.0,1,200.0,185.02,0,0,0,0,0,0,0,0,0,0,0,112.9,1225.35,224.91,0.0,0.0,0.0,0.0,0.9251,5,0.0,105.04999999999995,0.0,0.0,7.67999999999995,0.0,1.0,1.0,0.0,0.0,0.0,0.0,0.0,0.0,0.0,6.0,0.0,0.0,0.0,0.0,0.0,0.0,21.689999999999998,0.0,0.0,0.0,0.0,0.0,0.0,0.0,0.0,0.0,0.0,0.0,0.0,1.0100000000000051,105.04999999999995,23.24000000000001,0.0,0.0,0.0,0.0,0.10844999999999994,0.0,-1.8,1.8,0.0,3.0,GZC,29.230000000000004,18.050000000000004,42.072267197615695,0.10965314715110476,"(-23.09, 10.92, -10.85)",,,,,,,"(0.78, -0.06, -0.62)",1,1,1,0,1,1,0,1,1,1,0.0,2.1
1156,1156,220507_072322,0,Colosseo,0,115.92,PHI,Offense,0.0,Belosrea,Winston,864.74,146.92,2456.9,1367.63,1,3,1,0,0,0.0,1,0,0,0,80,0.04,8.68,0.0,0.0,1,550.0,550.0,0,0,0,0,0,0,0,0,0,0,0,115.92,1011.66,817.63,0.008016032064128256,0.7239366138448707,0.0,0.0,1.0,5,0.0,27.629999999999995,0.0,1.9200000000000728,0.0,0.0,1.0,1.0,0.0,0.0,0.0,0.0,0.0,0.0,0.0,2.0,-1.01,-1.0,0.0,0.0,0.0,0.0,0.0,0.0,0.0,0.0,0.0,0.0,0.0,0.0,0.0,0.0,0.0,0.0,0.0,1.0100000000000051,27.629999999999995,0.0,-0.20240480961923846,-0.0834028356964136,0.0,0.0,0.0,0.0,-3.2,1.4000000000000001,0.0,3.0,GZC,29.230000000000004,18.050000000000004,42.072267197615695,0.10965314715110476,"(-28.31, 7.10, -17.30)",,,,,,,"(0.55, 0.06, 0.83)",1,1,0,0,1,1,0,1,1,1,0.0,2.1
1162,1162,220507_072322,0,Colosseo,0,116.93,GZC,Defense,0.0,Molly,Ana,404.9,490.0,0.0,476.72,1,2,1,0,0,1696.88,1,1,1,0,100,10.08,9.12,0.0,0.0,1,200.0,200.0,3,1,0,0,0,0,0,0,0,0,0,116.93,894.9,276.72,0.674698795180723,0.9119999999999999,0.0,0.0,1.0,3,0.0,99.15999999999997,0.0,0.0,0.0,0.0,1.0,1.0,0.0,0.0,0.0,0.0,1.0,1.0,0.0,2.0,-1.0099999999999998,9.12,0.0,0.0,0.0,0.0,0.0,0.0,0.0,0.0,0.0,0.0,0.0,0.0,0.0,0.0,0.0,0.0,0.0,1.0100000000000051,99.15999999999997,0.0,-0.06760374832663985,0.9119999999999999,0.0,0.0,0.0,0.0,-1.75,1.4500000000000002,0.0,3.0,GZC,29.230000000000004,18.050000000000004,42.072267197615695,0.10965314715110476,"(-2.41, 1.75, -16.19)",,,,,,,"(-0.95, 0.01, 0.31)",0,0,0,1,0,0,1,0,0,0,0.0,2.1
1203,1203,220507_072322,0,Colosseo,0,120.96,GZC,Defense,0.0,Rio,Winston,1460.22,426.05,1074.04,2164.19,0,5,2,0,0,0.0,1,0,1,1,0,0.55,4.08,0.0,0.0,1,1050.0,849.69,0,0,0,0,0,0,0,0,0,0,0,120.96,1886.27,1776.21,0.11022044088176353,0.3402835696413678,0.0,0.0,1.544890909090909,3,0.0,37.86000000000013,0.0,29.0,62.13999999999987,0.0,1.0,1.0,0.0,0.0,0.0,0.0,0.0,0.0,0.0,0.0,-1.0,-1.0099999999999998,0.0,0.0,0.0,0.0,-76.13999999999999,0.0,0.0,0.0,0.0,0.0,0.0,0.0,0.0,0.0,0.0,0.0,0.0,1.0,37.86000000000013,0.0,-0.2004008016032064,-0.08423686405337782,0.0,0.0,-0.1384363636363637,0.0,0.0,1.75,0.0,3.0,GZC,29.230000000000004,18.050000000000004,42.072267197615695,0.10965314715110476,"(-17.06, 2.16, -17.03)",,,,,,,"(-1.00, 0.03, 0.06)",1,0,0,0,0,0,0,0,1,1,0.0,2.1
1303,1303,220507_072322,0,Colosseo,0,131.04,GZC,Defense,0.0,Rio,Winston,1655.14,426.05,1074.04,2572.47,0,6,3,0,0,0.0,1,0,1,1,3,3.64,0.0,0.0,0.0,1,550.0,350.0,0,0,0,0,0,0,0,0,0,0,0,131.04,2081.19,1776.21,0.7294589178356713,0.0,0.0,0.0,0.6363636363636364,5,0.0,45.16000000000008,0.0,0.0,0.0,0.0,1.0,1.0,0.0,0.0,0.0,0.0,0.0,0.0,0.0,3.0,-1.0100000000000002,0.0,0.0,0.0,0.0,0.0,0.0,0.0,0.0,0.0,0.0,0.0,0.0,0.0,0.0,0.0,0.0,0.0,0.0,1.009999999999991,45.16000000000008,0.0,-0.20240480961923857,0.0,0.0,0.0,0.0,0.0,1.8,1.8,0.0,3.0,GZC,29.230000000000004,18.050000000000004,42.072267197615695,0.10965314715110476,"(-51.07, 7.05, -15.92)",,,,,,,"(-0.60, 0.31, 0.74)",1,0,0,0,0,0,0,1,0,0,0.0,2.1
1578,1578,220507_072322,0,Colosseo,0,158.26,PHI,Offense,0.0,MN3,Soldier: 76,1455.47,297.92,0.0,925.06,3,2,1,0,0,295.88,0,0,0,0,98,0.0,0.0,0.0,0.0,1,200.0,200.0,1,0,0,0,0,0,0,0,0,0,0,158.26,1753.39,325.06,0.0,0.0,0.0,0.0,1.0,5,0.0,45.850000000000136,0.0,0.0,0.0,0.0,1.0,1.0,0.0,0.0,0.0,0.0,0.0,0.0,0.0,2.0,0.0,0.0,0.0,0.0,0.0,0.0,0.0,0.0,0.0,0.0,0.0,0.0,0.0,0.0,0.0,0.0,0.0,0.0,0.0,1.009999999999991,45.850000000000136,0.0,0.0,0.0,0.0,0.0,0.0,0.0,-1.8,1.8,0.0,4.0,PHI,40.32000000000002,-64.0,-99.14569751041029,0.10965314715110476,"(7.83, 0.39, 10.92)",,,,,,,"(-0.99, 0.04, 0.11)",0,0,1,1,1,1,1,1,1,1,0.0,2.1
1717,1717,220507_072322,0,Colosseo,0,172.37,PHI,Offense,0.0,FiXa,Lucio,1197.65,385.0,0.0,1384.01,1,4,3,0,0,1945.39,2,1,1,1,11,0.0,0.0,0.0,0.0,1,200.0,200.0,5,5,0,0,0,0,0,0,0,0,0,172.37,1582.65,993.24,0.0,0.0,0.0,0.0,1.0,5,0.0,18.5,30.0,0.0,0.0,0.0,1.0,1.0,0.0,0.0,21.5300000000002,0.0,0.0,0.0,0.0,1.0,0.0,0.0,-0.77,0.0,0.0,0.0,6.6200000000000045,1.0,1.0,0.0,0.0,0.0,0.0,0.0,0.0,0.0,0.0,0.0,0.0,1.009999999999991,48.5,8.980000000000018,0.0,0.0,-0.19395465994962216,0.0,0.03310000000000002,0.0,-1.8,1.8,0.0,4.0,PHI,40.32000000000002,-64.0,-99.14569751041029,0.10965314715110476,"(-29.55, 4.70, 31.90)",,,,,,,"(-0.16, -0.19, -0.97)",1,1,0,0,0,0,0,1,1,1,0.0,2.1
1739,1739,220507_072322,0,Colosseo,0,174.39,PHI,Offense,0.0,ZEST,Genji,1998.79,361.0,0.0,1051.96,3,4,2,0,0,0.0,0,0,1,0,100,0.0,0.0,0.0,0.0,1,200.0,128.32,0,0,0,0,0,0,0,0,0,0,0,174.39,2359.79,310.28,0.0,0.0,0.0,0.0,0.6416,5,0.0,71.74000000000001,0.0,0.0,80.0,0.0,1.0,1.0,0.0,0.0,0.0,0.0,0.0,0.0,0.0,0.0,0.0,0.0,0.0,0.0,0.0,0.0,-71.68,0.0,0.0,0.0,0.0,0.0,0.0,0.0,0.0,0.0,0.0,0.0,0.0,1.009999999999991,71.73999999999978,8.319999999999993,0.0,0.0,0.0,0.0,-0.35840000000000005,0.0,-3.2,1.4000000000000001,0.0,4.0,PHI,40.32000000000002,-64.0,-99.14569751041029,0.10965314715110476,"(-37.65, 1.87, 1.11)",,,,,,,"(0.98, 0.02, -0.19)",0,1,0,0,0,1,0,1,1,0,0.0,2.1
1769,1769,220507_072322,0,Colosseo,0,177.41,PHI,Offense,0.0,ZEST,Genji,2121.58,361.0,0.0,1051.96,3,5,3,0,0,0.0,1,0,1,0,100,0.0,5.39,0.0,0.0,1,200.0,144.38,0,0,0,0,0,0,0,0,0,0,0,177.41,2482.58,326.35,0.0,0.675438596491228,0.0,0.0,0.7219,5,0.0,14.789999999999964,0.0,0.0,0.0,0.0,1.0,1.0,0.0,0.0,0.0,1.0,0.0,0.0,0.0,0.0,0.0,-1.0,0.0,0.0,0.0,0.0,0.0,0.0,0.0,0.0,0.0,0.0,0.0,0.0,0.0,0.0,0.0,0.0,0.0,1.009999999999991,14.789999999999964,0.0,0.0,-0.12531328320802004,0.0,0.0,0.0,0.0,-4.2,1.0,0.0,4.0,PHI,40.32000000000002,-64.0,-99.14569751041029,0.10965314715110476,"(-7.30, 3.33, 9.04)",,,,,,,"(0.86, -0.47, -0.18)",0,0,1,0,1,1,1,1,1,1,0.0,2.1
1999,1999,220507_072322,0,Colosseo,0,200.59,PHI,Offense,0.0,ZEST,Genji,2352.19,361.0,0.0,1176.96,3,6,4,0,0,0.0,1,0,1,1,0,0.0,0.0,0.0,0.0,1,200.0,170.0,0,0,0,0,0,0,0,0,0,0,0,200.59,2713.19,476.96,0.0,0.0,0.0,0.0,0.85,5,0.0,161.01000000000022,0.0,0.0,0.0,0.0,1.0,1.0,0.0,0.0,0.0,0.0,0.0,0.0,0.0,0.0,0.0,0.0,0.0,0.0,0.0,0.0,0.0,0.0,0.0,0.0,0.0,0.0,0.0,0.0,0.0,0.0,0.0,0.0,0.0,1.0,161.01000000000022,0.0,0.0,0.0,0.0,0.0,0.0,0.0,-1.8,1.8,0.0,5.0,PHI,22.169999999999987,-61.19999999999999,-67.16164780715548,0.10965314715110476,"(34.69, 9.27, -16.77)",,,,,,,"(0.97, -0.19, 0.17)",0,1,1,1,1,1,0,1,0,0,0.0,2.1
2017,2017,220507_072322,0,Colosseo,0,202.61,PHI,Offense,0.0,FiXa,Lucio,1342.81,385.0,0.0,1443.37,1,5,4,0,0,2259.84,3,1,1,1,32,0.0,9.76,0.0,0.0,1,200.0,200.0,8,7,0,0,0,0,0,0,0,0,0,202.61,1727.81,1052.6,0.0,0.8153717627401837,0.0,0.0,1.0,5,0.0,40.659999999999854,0.0,0.0,0.0,0.0,1.0,1.0,0.0,0.0,29.039999999999964,1.0,0.0,0.0,0.0,2.0,0.0,-1.0099999999999998,-0.82,0.0,0.0,0.0,23.060000000000002,1.0,1.0,0.0,0.0,0.0,0.0,0.0,0.0,0.0,0.0,0.0,0.0,1.0100000000000193,40.659999999999854,27.789999999999964,0.0,-0.0843776106934001,-0.2065491183879093,0.0,0.11529999999999996,0.0,-3.2,1.4000000000000001,0.0,5.0,PHI,22.169999999999987,-61.19999999999999,-67.16164780715548,0.10965314715110476,"(32.97, 1.85, 5.90)",,,,,,,"(0.48, 0.03, -0.87)",1,0,1,0,1,0,1,1,1,1,0.0,2.1
2049,2049,220507_072322,0,Colosseo,0,205.63,PHI,Offense,0.0,ZEST,Genji,2599.67,361.0,0.0,1205.96,3,8,5,0,0,0.0,1,0,1,1,0,0.0,0.0,0.0,0.0,1,200.0,184.82,0,0,0,0,0,0,0,0,0,0,0,205.63,2960.67,520.79,0.0,0.0,0.0,0.0,0.9240999999999999,5,0.0,172.48000000000002,0.0,0.0,29.0,0.0,1.0,1.0,0.0,0.0,0.0,0.0,0.0,0.0,0.0,0.0,0.0,0.0,0.0,0.0,0.0,0.0,-15.180000000000007,0.0,0.0,0.0,0.0,0.0,0.0,0.0,0.0,0.0,0.0,0.0,0.0,1.0,172.48000000000002,13.829999999999984,0.0,0.0,0.0,0.0,-0.07590000000000008,0.0,-4.2,1.0,0.0,5.0,PHI,22.169999999999987,-61.19999999999999,-67.16164780715548,0.10965314715110476,"(53.64, 10.59, -13.62)",,,,,,,"(-0.69, -0.25, 0.67)",1,1,1,1,1,0,1,1,1,1,0.0,2.1
2099,2099,220507_072322,0,Colosseo,0,210.68,PHI,Offense,0.0,ZEST,Genji,2604.89,361.0,0.0,1205.96,3,9,6,0,0,0.0,2,0,1,1,1,0.0,0.0,0.0,0.0,1,200.0,200.0,0,0,0,0,0,0,0,0,0,0,0,210.68,2965.89,533.07,0.0,0.0,0.0,0.0,1.0,5,0.0,5.2199999999998,0.0,0.0,0.0,0.0,1.0,1.0,0.0,0.0,0.0,1.0,0.0,0.0,0.0,1.0,0.0,0.0,0.0,0.0,0.0,0.0,15.180000000000007,0.0,0.0,0.0,0.0,0.0,0.0,0.0,0.0,0.0,0.0,0.0,0.0,1.0100000000000193,5.2199999999998,12.280000000000086,0.0,0.0,0.0,0.0,0.07590000000000008,0.0,-4.2,1.0,0.0,5.0,PHI,22.169999999999987,-61.19999999999999,-67.16164780715548,0.10965314715110476,"(36.34, 5.31, 9.85)",,,,,,,"(0.30, -0.17, -0.94)",1,0,0,0,1,1,1,1,0,0,0.0,2.1
2721,2721,220507_072322,0,Colosseo,0,274.18,GZC,Defense,0.0,Develop,Soldier: 76,2892.48,1459.78,0.0,2398.39,5,6,3,0,0,887.45,2,0,1,1,86,0.0,8.7,0.0,0.0,1,200.0,200.0,2,0,0,0,0,0,0,0,0,0,0,274.18,4352.26,1238.39,0.0,0.5838926174496644,0.0,0.0,1.0,5,0.0,36.36999999999989,0.0,0.0,0.0,0.0,1.0,1.0,0.0,0.0,0.0,1.0,0.0,0.0,0.0,3.0,0.0,-1.0100000000000016,0.0,0.0,0.0,0.0,0.0,1.0,0.0,0.0,0.0,0.0,0.0,0.0,0.0,0.0,0.0,0.0,0.0,1.009999999999991,36.36999999999989,0.0,0.0,-0.06778523489932897,0.0,0.0,0.0,0.0,1.8,1.8,0.0,6.0,GZC,72.57000000000002,45.8,95.0539698886474,0.10965314715110476,"(44.57, 4.70, -7.59)",,,,,,,"(-0.43, -0.22, 0.88)",1,1,1,0,0,0,0,1,1,1,0.0,2.1
2749,2749,220507_072322,0,Colosseo,0,276.19,PHI,Offense,0.0,ZEST,Genji,3171.0,709.0,0.0,1994.56,3,10,7,0,0,0.0,3,0,1,1,44,0.0,0.0,0.0,0.0,1,200.0,55.23,0,0,0,0,0,0,0,0,0,0,0,276.19,3880.0,1179.79,0.0,0.0,0.0,0.0,0.27615,4,0.0,13.409999999999854,0.0,0.0,79.76999999999998,0.0,1.0,1.0,0.0,0.0,0.0,1.0,0.0,0.0,0.0,1.0,0.0,0.0,0.0,0.0,0.0,0.0,-79.77000000000001,0.0,0.0,0.0,0.0,0.0,0.0,0.0,0.0,0.0,0.0,0.0,0.0,1.0,13.409999999999854,0.0,0.0,0.0,0.0,0.0,-0.39885000000000004,0.0,0.0,1.8,0.0,6.0,GZC,72.57000000000002,45.8,95.0539698886474,0.10965314715110476,"(46.62, 5.89, 17.10)",,,,,,,"(-0.54, -0.36, -0.76)",1,0,1,1,1,1,1,1,0,1,0.0,2.1
2750,2750,220507_072322,0,Colosseo,0,277.2,GZC,Defense,0.0,ChoiSehwan,Genji,3423.14,1671.59,0.0,1915.62,2,7,3,0,0,0.0,2,1,1,1,92,0.0,0.0,0.0,0.0,1,200.0,175.0,0,0,0,0,0,0,0,0,0,0,0,277.2,5094.73,1296.22,0.0,0.0,0.0,0.0,0.875,4,0.0,71.53999999999996,0.0,0.0,0.0,0.0,1.0,1.0,0.0,0.0,0.0,0.0,1.0,0.0,0.0,4.0,0.0,0.0,0.0,0.0,0.0,0.0,0.0,0.0,0.0,0.0,0.0,0.0,0.0,0.0,0.0,0.0,0.0,0.0,0.0,1.009999999999991,71.53999999999996,0.0,0.0,0.0,0.0,0.0,0.0,0.0,1.75,1.75,0.0,6.0,GZC,72.57000000000002,45.8,95.0539698886474,0.10965314715110476,"(33.70, 2.46, -19.07)",,,,,,,"(0.11, -0.15, 0.98)",1,1,1,1,1,0,0,0,1,0,0.0,2.1
2784,2784,220507_072322,0,Colosseo,0,280.23,GZC,Defense,0.0,Unique,Lucio,1826.49,1299.16,0.0,1518.12,2,6,3,0,0,2617.06,2,0,1,1,87,0.0,1.95,3.39,0.0,1,200.0,200.0,2,3,0,0,0,0,0,0,0,0,0,280.23,3125.65,1030.36,0.0,0.16290726817042606,0.853904282115869,0.0,1.0,3,0.0,5.650000000000091,0.0,0.0,0.0,0.0,1.0,1.0,0.0,0.0,60.00999999999976,1.0,0.0,0.0,0.0,2.0,0.0,-1.01,3.39,0.0,0.0,0.0,0.0,0.0,0.0,0.0,0.0,0.0,0.0,0.0,0.0,0.0,0.0,0.0,0.0,1.009999999999991,5.650000000000091,10.349999999999909,0.0,-0.08437761069340016,0.853904282115869,0.0,0.0,-1.0,1.6666666666666667,1.6666666666666667,0.0,6.0,GZC,72.57000000000002,45.8,95.0539698886474,0.10965314715110476,"(41.95, 2.84, -11.74)",,,,,,,"(-0.63, -0.02, 0.78)",1,0,1,0,1,1,1,1,1,1,0.0,2.1
2854,2854,220507_072322,0,Colosseo,0,287.28,GZC,Defense,0.0,Unique,Lucio,1881.38,1479.16,0.0,1529.64,2,8,5,0,0,2767.76,4,0,1,1,95,0.0,0.0,0.78,0.0,1,200.0,200.0,2,3,0,0,0,0,0,0,0,0,0,287.28,3360.54,1041.88,0.0,0.0,0.1964735516372796,0.0,1.0,4,0.0,34.8900000000001,0.0,0.0,0.0,0.0,2.0,2.0,0.0,0.0,29.950000000000273,2.0,0.0,0.0,0.0,1.0,0.0,0.0,-1.01,0.0,0.0,0.0,0.0,0.0,0.0,0.0,0.0,0.0,0.0,0.0,0.0,0.0,0.0,0.0,0.0,1.0,34.88999999999987,0.0,0.0,0.0,-0.2544080604534005,0.0,0.0,0.0,3.0,3.0,0.0,6.0,GZC,72.57000000000002,45.8,95.0539698886474,0.10965314715110476,"(30.79, 2.39, -1.15)",,,,,,,"(-0.64, -0.06, -0.77)",1,1,1,0,1,1,1,1,0,0,0.0,2.1
3190,3190,220507_072322,0,Colosseo,0,321.56,GZC,Defense,0.0,ChoiSehwan,Genji,3905.52,1867.59,0.0,2194.04,2,9,4,0,0,0.0,3,1,2,2,0,0.0,3.67,0.0,0.0,1,200.0,64.95,0,0,0,0,0,0,0,0,0,0,0,321.56,5773.11,1419.59,0.0,0.45989974937343353,0.0,0.0,0.32475000000000004,5,0.0,20.38000000000011,0.0,0.0,53.75999999999976,0.0,1.0,1.0,0.0,0.0,0.0,0.0,0.0,0.0,0.0,0.0,0.0,-1.0099999999999998,0.0,0.0,0.0,0.0,-53.75999999999999,0.0,0.0,0.0,0.0,0.0,0.0,0.0,0.0,0.0,0.0,0.0,0.0,1.009999999999991,20.38000000000011,0.0,0.0,-0.12656641604010027,0.0,0.0,-0.2688,0.0,1.8,1.8,0.0,7.0,PHI,87.69999999999999,-84.35000000000001,-113.09873449623868,0.10965314715110476,"(-37.01, 2.15, -18.64)",,,,,,,"(-0.23, 0.12, -0.97)",1,1,1,1,1,1,0,0,1,1,0.0,2.1
3209,3209,220507_072322,0,Colosseo,0,322.56,PHI,Offense,0.0,ZEST,Genji,3698.6,839.5,0.0,2394.56,4,11,8,0,0,0.0,3,0,1,1,75,0.0,4.79,0.0,0.0,1,200.0,200.0,0,0,0,0,0,0,0,0,0,0,0,322.56,4538.1,1396.56,0.0,0.600250626566416,0.0,0.0,1.0,4,0.0,157.29999999999973,0.0,0.0,0.0,0.0,1.0,1.0,0.0,0.0,0.0,0.0,0.0,0.0,0.0,8.0,0.0,-1.0099999999999998,0.0,0.0,0.0,0.0,0.0,0.0,0.0,0.0,0.0,0.0,0.0,0.0,0.0,0.0,0.0,0.0,0.0,1.0,157.30000000000018,0.0,0.0,-0.12656641604010022,0.0,0.0,0.0,0.0,0.0,1.8,0.0,7.0,PHI,87.69999999999999,-84.35000000000001,-113.09873449623868,0.10965314715110476,"(-42.05, 2.00, -0.83)",,,,,,,"(-0.99, -0.11, -0.10)",1,1,0,1,1,1,0,1,0,1,0.0,2.1
3290,3290,220507_072322,0,Colosseo,0,331.63,GZC,Defense,0.0,ChoiSehwan,Genji,3998.02,1867.59,0.0,2204.6,2,10,5,0,0,0.0,3,1,2,2,6,0.0,0.0,0.0,0.0,1,200.0,200.0,0,0,0,0,0,0,0,0,0,0,0,331.63,5865.61,1565.2,0.0,0.0,0.0,0.0,1.0,3,0.0,34.5,0.0,0.0,0.0,0.0,1.0,1.0,0.0,0.0,0.0,0.0,0.0,0.0,0.0,2.0,0.0,0.0,0.0,0.0,0.0,0.0,0.6100000000000136,0.0,0.0,0.0,0.0,0.0,0.0,0.0,0.0,0.0,0.0,0.0,0.0,1.0,34.5,0.6100000000001273,0.0,0.0,0.0,0.0,0.003050000000000108,-1.0,-1.75,1.4500000000000002,0.0,7.0,PHI,87.69999999999999,-84.35000000000001,-113.09873449623868,0.10965314715110476,"(-22.64, 7.50, -8.10)",,,,,,,"(-0.53, -0.18, 0.83)",1,0,1,1,0,0,0,1,0,0,0.0,2.1
3299,3299,220507_072322,0,Colosseo,0,331.63,PHI,Offense,0.0,ZEST,Genji,3837.93,839.5,0.0,2594.56,5,12,9,0,0,0.0,3,0,1,1,84,0.0,7.58,0.0,0.0,0,200.0,0.0,0,0,0,0,0,0,0,0,0,0,0,331.63,4677.43,1396.56,0.0,0.949874686716792,0.0,0.0,0.0,4,0.0,66.82999999999993,0.0,0.0,92.5,1.0,1.0,1.0,0.0,0.0,0.0,0.0,0.0,0.0,0.0,3.0,0.0,7.58,0.0,0.0,-1.0,0.0,-34.5,0.0,0.0,0.0,0.0,0.0,0.0,0.0,0.0,0.0,0.0,0.0,0.0,1.0,66.82999999999993,0.0,0.0,0.949874686716792,0.0,0.0,-0.1725,0.0,-1.75,1.75,1.4500000000000002,7.0,PHI,87.69999999999999,-84.35000000000001,-113.09873449623868,0.10965314715110476,"(-26.45, 7.50, -8.51)",Genji,Ability 1,ChoiSehwan,,,,"(-0.28, -0.14, -0.95)",1,0,1,1,0,0,0,1,0,0,0.0,2.1
3456,3456,220507_072322,0,Colosseo,0,347.76,PHI,Offense,0.0,Belosrea,Winston,4051.16,649.09,7727.5,5603.62,2,11,2,0,0,0.0,4,0,2,1,100,0.0,2.85,0.0,0.0,1,550.0,303.59,0,0,0,0,0,0,0,0,0,0,0,347.76,4700.25,3336.96,0.0,0.237698081734779,0.0,0.0,0.5519818181818181,5,0.0,32.34999999999991,0.0,40.0,20.0,0.0,1.0,1.0,0.0,0.0,0.0,0.0,0.0,0.0,0.0,0.0,0.0,-1.0099999999999998,0.0,0.0,0.0,0.0,-32.07000000000005,0.0,0.0,0.0,0.0,0.0,0.0,0.0,0.0,0.0,0.0,0.0,0.0,1.009999999999991,32.350000000000364,1.7899999999999636,0.0,-0.0842368640533778,0.0,0.0,-0.05830909090909098,0.0,-1.8,1.8,0.0,7.0,PHI,87.69999999999999,-84.35000000000001,-113.09873449623868,0.10965314715110476,"(-0.39, 1.00, -13.74)",,,,,,,"(0.64, 0.07, 0.77)",0,0,1,0,1,1,1,0,0,0,0.0,2.1
3585,3585,220507_072322,0,Colosseo,0,360.87,PHI,Offense,0.0,AimGod,Ana,1687.02,590.0,0.0,3108.56,4,7,2,0,0,4620.93,3,0,2,2,14,0.0,9.37,0.0,0.0,1,200.0,160.64,6,8,0,0,0,0,0,0,0,0,0,360.87,2277.02,2021.46,0.0,0.9369999999999999,0.0,0.0,0.8031999999999999,5,0.0,70.26999999999998,0.0,0.0,48.960000000000036,0.0,1.0,1.0,0.0,0.0,0.0,1.0,0.0,0.0,0.0,1.0,0.0,9.37,0.0,0.0,0.0,0.0,-34.56,0.0,0.0,0.0,0.0,0.0,0.0,0.0,0.0,0.0,0.0,0.0,0.0,1.009999999999991,70.26999999999998,5.759999999999991,0.0,0.9369999999999999,0.0,0.0,-0.17280000000000006,0.0,-1.8,1.8,0.0,7.0,PHI,87.69999999999999,-84.35000000000001,-113.09873449623868,0.10965314715110476,"(13.45, 2.08, 5.71)",,,,,,,"(0.81, -0.00, 0.58)",0,0,0,1,0,0,0,1,1,1,0.0,2.1
3629,3629,220507_072322,0,Colosseo,0,364.9,PHI,Offense,0.0,ZEST,Genji,3931.3,839.5,0.0,2594.56,5,13,10,0,0,0.0,3,0,1,1,97,0.0,0.0,0.0,0.0,1,200.0,200.0,0,0,0,0,0,0,0,0,0,0,0,364.9,4770.8,1396.56,0.0,0.0,0.0,0.0,1.0,5,0.0,6.370000000000346,0.0,0.0,0.0,0.0,1.0,1.0,0.0,0.0,0.0,0.0,0.0,0.0,0.0,1.0,0.0,0.0,0.0,0.0,0.0,0.0,0.0,0.0,0.0,0.0,0.0,0.0,0.0,0.0,0.0,0.0,0.0,0.0,0.0,1.009999999999991,6.369999999999891,0.0,0.0,0.0,0.0,0.0,0.0,0.0,-3.2,1.4000000000000001,0.0,7.0,PHI,87.69999999999999,-84.35000000000001,-113.09873449623868,0.10965314715110476,"(42.53, 2.60, 12.74)",,,,,,,"(0.25, 0.02, -0.97)",0,0,0,1,1,1,0,1,0,0,0.0,2.1
3659,3659,220507_072322,0,Colosseo,0,367.92,PHI,Offense,0.0,ZEST,Genji,4062.9,839.5,0.0,2594.56,5,14,11,0,0,0.0,3,0,2,1,100,0.0,0.0,0.0,0.0,1,200.0,200.0,0,0,0,0,0,0,0,0,0,0,0,367.92,4902.4,1396.56,0.0,0.0,0.0,0.0,1.0,5,0.0,23.59999999999991,0.0,0.0,0.0,0.0,1.0,1.0,0.0,0.0,0.0,0.0,0.0,0.0,0.0,0.0,0.0,0.0,0.0,0.0,0.0,0.0,0.0,0.0,0.0,0.0,0.0,0.0,0.0,0.0,0.0,0.0,0.0,0.0,0.0,1.009999999999991,23.599999999999454,0.0,0.0,0.0,0.0,0.0,0.0,0.0,-4.2,1.0,0.0,7.0,PHI,87.69999999999999,-84.35000000000001,-113.09873449623868,0.10965314715110476,"(57.62, 7.26, -16.63)",,,,,,,"(0.85, 0.43, -0.29)",1,0,1,0,0,0,0,1,1,1,0.0,2.1
3709,3709,220507_072322,0,Colosseo,0,372.96,PHI,Offense,0.0,ZEST,Genji,4100.04,926.5,0.0,2594.56,5,15,12,0,0,0.0,3,0,2,1,100,0.0,0.0,0.0,0.0,1,200.0,200.0,0,0,0,0,0,0,0,0,0,0,0,372.96,5026.54,1396.56,0.0,0.0,0.0,0.0,1.0,5,0.0,8.139999999999873,0.0,0.0,0.0,0.0,1.0,1.0,0.0,0.0,0.0,0.0,0.0,0.0,0.0,0.0,0.0,0.0,0.0,0.0,0.0,0.0,0.0,0.0,0.0,0.0,0.0,0.0,0.0,0.0,0.0,0.0,0.0,0.0,0.0,1.0,8.140000000000327,0.0,0.0,0.0,0.0,0.0,0.0,0.0,-4.2,1.0,0.0,7.0,PHI,87.69999999999999,-84.35000000000001,-113.09873449623868,0.10965314715110476,"(76.95, 9.48, -33.37)",,,,,,,"(0.99, -0.05, -0.14)",1,0,0,0,0,1,0,1,1,0,0.0,2.1
3856,3856,220507_072322,0,Colosseo,0,388.08,PHI,Offense,0.0,Belosrea,Winston,4963.37,691.37,8754.58,6724.02,2,15,3,0,0,0.0,5,0,2,2,29,0.0,0.0,0.0,0.0,1,550.0,250.26,0,0,0,0,0,0,0,0,0,0,0,388.08,5654.74,4095.57,0.0,0.0,0.0,0.0,0.4550181818181818,5,0.0,38.4399999999996,0.0,0.0,128.76000000000022,0.0,1.0,1.0,0.0,0.0,0.0,0.0,0.0,0.0,0.0,2.0,-0.76,0.0,0.0,0.0,0.0,0.0,-154.23000000000002,0.0,0.0,0.0,0.0,0.0,0.0,0.0,0.0,0.0,0.0,0.0,0.0,1.0,38.4399999999996,9.470000000000255,-0.15230460921843686,0.0,0.0,0.0,-0.28041818181818184,0.0,-1.8,1.8,0.0,7.0,PHI,87.69999999999999,-84.35000000000001,-113.09873449623868,0.10965314715110476,"(52.62, 7.00, -15.56)",,,,,,,"(1.00, 0.03, 0.00)",1,1,1,1,1,1,0,1,1,1,0.0,2.1
4101,4101,220507_072322,0,Colosseo,0,413.28,GZC,Defense,0.0,Develop,Soldier: 76,5100.59,3060.94,0.0,3803.85,8,9,4,0,0,1276.94,3,0,2,2,86,0.0,7.75,0.0,0.0,1,200.0,177.42,2,0,0,0,0,0,0,0,0,0,0,413.28,8161.530000000001,1961.27,0.0,0.5201342281879194,0.0,0.0,0.8870999999999999,5,0.0,86.0,0.0,0.0,0.0,0.0,1.0,1.0,0.0,0.0,0.0,0.0,0.0,0.0,0.0,4.0,0.0,-1.0099999999999998,0.0,0.0,0.0,0.0,0.0,0.0,0.0,0.0,0.0,0.0,0.0,0.0,0.0,0.0,0.0,0.0,0.0,1.0,86.0,0.0,0.0,-0.06778523489932886,0.0,0.0,0.0,0.0,1.8,1.8,0.0,8.0,GZC,35.27999999999997,62.99999999999999,78.74338426065472,0.10965314715110476,"(46.80, 6.94, -17.96)",,,,,,,"(0.61, 0.30, 0.74)",0,1,0,1,1,0,1,0,0,0,0.0,2.1
4150,4150,220507_072322,0,Colosseo,0,418.32,GZC,Defense,0.0,ChoiSehwan,Genji,5009.04,2520.06,0.0,3086.23,4,12,7,0,0,0.0,3,2,2,2,74,0.0,0.92,0.0,0.0,1,200.0,187.22,0,0,0,0,0,0,0,0,0,0,0,418.32,7529.1,2027.65,0.0,0.11528822055137844,0.0,0.0,0.9361,5,0.0,119.31999999999971,50.0,0.0,18.240000000000236,0.0,2.0,2.0,0.0,0.0,0.0,0.0,1.0,0.0,0.0,6.0,0.0,-1.0099999999999998,0.0,0.0,0.0,0.0,15.609999999999985,0.0,0.0,0.0,0.0,0.0,0.0,0.0,0.0,0.0,0.0,0.0,0.0,1.009999999999991,169.3199999999997,15.100000000000136,0.0,-0.12656641604010024,0.0,0.0,0.07804999999999995,0.0,4.2,2.4000000000000004,0.0,8.0,GZC,35.27999999999997,62.99999999999999,78.74338426065472,0.10965314715110476,"(15.96, 2.92, -0.56)",,,,,,,"(0.98, 0.10, -0.19)",0,0,1,0,0,1,1,0,1,0,0.0,2.1
4206,4206,220507_072322,0,Colosseo,0,423.36,PHI,Offense,0.0,Belosrea,Winston,5389.04,947.01,10725.58,7745.85,2,16,4,0,0,0.0,5,0,2,2,63,0.0,5.99,0.0,0.0,1,550.0,452.0,0,0,0,0,0,0,0,0,0,0,0,423.36,6336.05,5312.2,0.0,0.49958298582151794,0.0,0.0,0.8218181818181818,3,0.0,32.26000000000022,50.15999999999997,0.0,28.0,0.0,1.0,1.0,0.0,0.0,0.0,0.0,0.0,0.0,0.0,2.0,0.0,-1.0,0.0,0.0,0.0,0.0,-42.0,0.0,0.0,0.0,0.0,0.0,0.0,0.0,0.0,0.0,0.0,0.0,0.0,1.0,82.42000000000007,0.0,0.0,-0.08340283569641371,0.0,0.0,-0.07636363636363641,1.0,1.75,1.4500000000000002,0.0,8.0,GZC,35.27999999999997,62.99999999999999,78.74338426065472,0.10965314715110476,"(18.37, 1.98, 11.30)",,,,,,,"(0.95, -0.10, -0.29)",1,1,1,0,0,1,0,0,0,1,0.0,2.1
4211,4211,220507_072322,0,Colosseo,0,424.37,GZC,Defense,0.0,Develop,Soldier: 76,5347.87,3200.94,0.0,3813.45,8,11,5,0,0,1317.11,3,0,2,2,99,0.0,13.4,0.0,0.0,1,200.0,200.0,3,0,0,0,0,0,0,0,0,0,0,424.37,8548.81,1993.45,0.0,0.8993288590604027,0.0,0.0,1.0,4,0.0,92.59000000000015,0.0,0.0,9.599999999999909,0.0,1.0,1.0,0.0,0.0,40.169999999999845,0.0,0.0,0.0,0.0,3.0,0.0,-1.0099999999999998,0.0,0.0,0.0,0.0,0.0,1.0,0.0,0.0,0.0,0.0,0.0,0.0,0.0,0.0,0.0,0.0,0.0,1.009999999999991,92.59000000000015,9.600000000000136,0.0,-0.06778523489932886,0.0,0.0,0.0,0.0,3.0,1.25,0.0,8.0,GZC,35.27999999999997,62.99999999999999,78.74338426065472,0.10965314715110476,"(24.95, 2.03, 9.36)",,,,,,,"(-0.91, -0.06, -0.42)",1,1,1,1,0,1,1,0,1,1,0.0,2.1
4272,4272,220507_072322,0,Colosseo,0,430.42,GZC,Defense,0.0,Molly,Ana,1467.48,1881.68,0.0,2237.87,4,6,2,0,0,5862.22,4,1,3,3,14,13.79,0.0,0.0,0.0,1,200.0,200.0,6,5,0,0,0,0,0,0,0,0,0,430.42,3349.16,1434.03,0.9230254350736278,0.0,0.0,0.0,1.0,4,0.0,17.1400000000001,0.0,0.0,0.0,0.0,1.0,1.0,0.0,0.0,0.0,1.0,0.0,0.0,0.0,0.0,-1.0100000000000016,0.0,0.0,0.0,0.0,0.0,0.0,0.0,1.0,0.0,0.0,0.0,0.0,0.0,0.0,0.0,0.0,0.0,0.0,1.009999999999991,17.139999999999873,0.0,-0.06760374832664007,0.0,0.0,0.0,0.0,0.0,1.75,1.75,0.0,8.0,GZC,35.27999999999997,62.99999999999999,78.74338426065472,0.10965314715110476,"(36.01, 1.85, 0.20)",,,,,,,"(-0.04, -0.01, -1.00)",1,1,1,1,1,1,0,0,0,0,0.0,2.1
4500,4500,220507_072322,0,Colosseo,0,453.6,GZC,Defense,0.0,ChoiSehwan,Genji,5157.72,2549.06,0.0,3381.52,5,13,8,0,0,0.0,3,2,2,2,90,0.0,0.0,0.0,0.0,1,200.0,95.0,0,0,0,0,0,0,0,0,0,0,0,453.6,7706.780000000001,2037.12,0.0,0.0,0.0,0.0,0.475,5,0.0,0.07999999999992724,0.0,0.0,0.0,0.0,1.0,1.0,0.0,0.0,0.0,0.0,0.0,0.0,0.0,0.0,0.0,0.0,0.0,0.0,0.0,0.0,0.0,0.0,0.0,0.0,0.0,0.0,0.0,0.0,0.0,0.0,0.0,0.0,0.0,1.0100000000000477,0.07999999999992724,0.0,0.0,0.0,0.0,0.0,0.0,0.0,1.8,1.8,0.0,9.0,GZC,26.210000000000036,51.349999999999994,60.795594990932365,0.10965314715110476,"(0.25, 3.22, -8.28)",,,,,,,"(0.86, 0.08, -0.51)",1,0,1,0,1,0,0,0,0,1,0.0,2.1
4547,4547,220507_072322,0,Colosseo,0,457.64,PHI,Offense,0.0,FiXa,Lucio,2907.64,1330.0,0.0,3225.02,4,11,5,0,0,4834.65,5,1,3,2,100,0.02,6.87,3.31,0.0,0,200.0,0.0,12,13,0,0,0,0,0,0,0,0,0,457.64,4237.639999999999,2178.26,0.08333333333333334,0.5739348370927319,0.8337531486146096,0.0,0.0,3,0.0,61.82999999999993,25.0,0.0,133.48999999999978,1.0,1.0,1.0,0.0,0.0,16.42999999999938,0.0,0.0,1.0,0.0,0.0,0.02,-1.0,3.31,0.0,-1.0,0.0,-129.71,1.0,1.0,0.0,0.0,0.0,0.0,0.0,0.0,0.0,0.0,0.0,0.0,1.009999999999991,86.82999999999993,9.260000000000218,0.08333333333333334,-0.0835421888053467,0.8337531486146096,0.0,-0.6485500000000001,-1.0,1.75,1.4500000000000002,1.75,9.0,GZC,26.210000000000036,51.349999999999994,60.795594990932365,0.10965314715110476,"(-2.68, 2.71, -18.61)",Soldier: 76,Primary Fire,Develop,,,,"(0.22, -0.21, -0.95)",1,1,0,1,0,1,0,0,1,0,0.0,2.1
4551,4551,220507_072322,0,Colosseo,0,458.64,GZC,Defense,0.0,Develop,Soldier: 76,5723.96,3240.94,0.0,4047.93,8,13,6,0,0,1403.68,4,0,3,2,100,0.0,9.23,0.0,0.0,1,200.0,86.52,3,0,0,0,0,0,0,0,0,0,0,458.64,8964.9,2137.49,0.0,0.6194630872483221,0.0,0.0,0.4326,4,0.0,53.48999999999978,0.0,0.0,0.0,0.0,1.0,1.0,0.0,0.0,0.0,0.0,0.0,0.0,0.0,0.0,0.0,-1.0,0.0,0.0,0.0,0.0,-23.040000000000006,0.0,0.0,0.0,0.0,0.0,0.0,0.0,0.0,0.0,0.0,0.0,0.0,1.0,53.48999999999978,0.0,0.0,-0.06711409395973156,0.0,0.0,-0.11520000000000008,0.0,1.75,1.75,0.0,9.0,GZC,26.210000000000036,51.349999999999994,60.795594990932365,0.10965314715110476,"(6.94, 1.00, -21.96)",,,,,,,"(-0.59, -0.09, -0.80)",1,1,1,0,0,1,0,0,1,0,0.0,2.1
4594,4594,220507_072322,0,Colosseo,0,462.68,GZC,Defense,0.0,Unique,Lucio,2904.06,2024.16,0.0,3121.85,3,13,6,0,0,4315.08,6,0,3,2,100,0.0,3.46,3.83,0.0,1,200.0,200.0,5,8,0,0,0,0,0,0,0,0,0,462.68,4928.22,2006.09,0.0,0.28905597326649957,0.964735516372796,0.0,1.0,4,0.0,35.679999999999836,20.0,0.0,0.0,0.0,1.0,1.0,0.0,0.0,0.0,0.0,0.0,0.0,0.0,0.0,0.0,-1.0,3.83,0.0,0.0,0.0,0.0,0.0,0.0,0.0,0.0,0.0,0.0,0.0,0.0,0.0,0.0,0.0,0.0,1.009999999999991,55.68000000000029,0.0,0.0,-0.0835421888053467,0.964735516372796,0.0,0.0,0.0,3.0,1.25,0.0,9.0,GZC,26.210000000000036,51.349999999999994,60.795594990932365,0.10965314715110476,"(4.21, 1.64, -20.02)",,,,,,,"(0.30, 0.04, 0.95)",0,1,1,0,1,1,0,0,0,0,0.0,2.1
4653,4653,220507_072322,0,Colosseo,0,468.72,GZC,Defense,0.0,Rio,Winston,5868.7,1089.74,5786.55,8011.19,4,16,4,0,0,0.0,8,0,3,2,100,2.2,0.1,0.0,0.0,1,550.0,234.88,0,0,0,0,0,0,0,0,0,0,0,468.72,6958.44,4660.82,0.4408817635270541,0.008340283569641367,0.0,0.0,0.42705454545454546,5,0.0,12.899999999999636,0.0,0.0,0.0,0.0,1.0,1.0,0.0,0.0,0.0,1.0,0.0,0.0,0.0,0.0,-1.0099999999999998,-1.01,0.0,0.0,0.0,0.0,23.289999999999992,0.0,0.0,0.0,0.0,0.0,0.0,0.0,0.0,0.0,0.0,0.0,0.0,1.0100000000000477,12.899999999999636,23.299999999999272,-0.20240480961923846,-0.08423686405337782,0.0,0.0,0.042345454545454575,0.0,3.2,1.4000000000000001,0.0,9.0,GZC,26.210000000000036,51.349999999999994,60.795594990932365,0.10965314715110476,"(12.07, 1.31, 13.99)",,,,,,,"(0.98, -0.02, 0.21)",1,1,1,0,1,0,1,0,0,0,0.0,2.1
5089,5089,220507_072322,0,Colosseo,0,512.07,PHI,Offense,0.0,ZEST,Genji,5489.37,1379.9,0.0,3566.48,6,17,13,0,0,0.0,3,0,2,2,74,0.0,0.0,0.0,0.0,1,200.0,159.26,0,0,0,0,0,0,0,0,0,0,0,512.07,6869.27,2127.74,0.0,0.0,0.0,0.0,0.7963,5,0.0,126.93000000000029,0.0,0.0,30.0,0.0,1.0,1.0,0.0,0.0,0.0,0.0,0.0,0.0,0.0,4.0,0.0,0.0,0.0,0.0,0.0,0.0,-30.0,0.0,0.0,0.0,0.0,0.0,0.0,0.0,0.0,0.0,0.0,0.0,0.0,1.0100000000000477,126.93000000000029,0.0,0.0,0.0,0.0,0.0,-0.1499999999999999,0.0,-1.8,1.8,0.0,10.0,GZC,35.28000000000003,-0.4833333333333334,7.3684688063769865,0.10965314715110476,"(-45.74, 1.92, 32.16)",,,,,,,"(0.99, 0.00, -0.16)",0,1,0,1,0,1,0,1,0,1,0.0,2.1
5110,5110,220507_072322,0,Colosseo,0,515.09,GZC,Defense,0.0,ChoiSehwan,Genji,5914.03,2686.06,0.0,3995.92,5,16,9,0,0,0.0,4,2,3,3,0,0.0,2.97,0.0,0.0,1,200.0,14.69,0,0,0,0,0,0,0,0,0,0,0,515.09,8600.09,2358.14,0.0,0.37218045112781956,0.0,0.0,0.07345,3,0.0,29.609999999999673,0.0,0.0,121.03999999999996,0.0,1.0,1.0,0.0,0.0,0.0,0.0,0.0,0.0,0.0,0.0,0.0,-1.0099999999999998,0.0,0.0,0.0,0.0,-18.800000000000004,0.0,0.0,0.0,0.0,0.0,0.0,0.0,0.0,0.0,0.0,0.0,0.0,1.009999999999991,29.610000000000582,15.359999999999673,0.0,-0.12656641604010022,0.0,0.0,-0.09400000000000001,0.0,-1.75,1.4500000000000002,0.0,10.0,GZC,35.28000000000003,-0.4833333333333334,7.3684688063769865,0.10965314715110476,"(-35.23, 5.03, 8.96)",,,,,,,"(0.53, -0.14, -0.83)",1,1,1,0,1,0,1,1,1,1,0.0,2.1
5119,5119,220507_072322,0,Colosseo,0,515.09,PHI,Offense,0.0,ZEST,Genji,5556.61,1379.9,0.0,3566.48,6,18,14,0,0,0.0,3,0,2,2,79,0.0,0.0,0.0,0.0,1,200.0,159.26,0,0,0,0,0,0,0,0,0,0,0,515.09,6936.51,2127.74,0.0,0.0,0.0,0.0,0.7963,4,0.0,38.23999999999978,0.0,0.0,0.0,0.0,1.0,1.0,0.0,0.0,0.0,0.0,0.0,0.0,0.0,1.0,0.0,0.0,0.0,0.0,0.0,0.0,0.0,0.0,0.0,0.0,0.0,0.0,0.0,0.0,0.0,0.0,0.0,0.0,0.0,1.009999999999991,38.23999999999978,0.0,0.0,0.0,0.0,0.0,0.0,0.0,-1.75,1.75,0.0,10.0,GZC,35.28000000000003,-0.4833333333333334,7.3684688063769865,0.10965314715110476,"(-32.87, 2.87, 20.40)",,,,,,,"(-0.08, 0.06, -1.00)",1,1,1,0,1,1,1,1,1,0,0.0,2.1
5130,5130,220507_072322,0,Colosseo,0,517.11,GZC,Defense,0.0,ChoiSehwan,Genji,6164.46,2686.06,0.0,3998.16,5,18,11,0,0,0.0,4,2,3,3,0,0.0,0.95,0.0,0.0,1,200.0,18.34,0,0,0,0,0,0,0,0,0,0,0,517.11,8850.52,2367.1,0.0,0.11904761904761904,0.0,0.0,0.0917,3,0.0,30.43000000000029,0.0,0.0,2.2399999999997817,0.0,2.0,2.0,0.0,0.0,0.0,0.0,0.0,0.0,0.0,0.0,0.0,-1.01,0.0,0.0,0.0,0.0,-2.2399999999999984,0.0,0.0,0.0,0.0,0.0,0.0,0.0,0.0,0.0,0.0,0.0,0.0,1.009999999999991,30.43000000000029,0.0,0.0,-0.12656641604010024,0.0,0.0,-0.011199999999999988,0.0,1.6666666666666667,3.416666666666667,0.0,10.0,GZC,35.28000000000003,-0.4833333333333334,7.3684688063769865,0.10965314715110476,"(-37.58, 4.38, 1.41)",,,,,,,"(-0.65, -0.24, -0.72)",1,0,1,0,1,1,1,1,1,1,0.0,2.1
5146,5146,220507_072322,0,Colosseo,0,518.12,PHI,Offense,0.0,Belosrea,Winston,6435.79,1003.73,11967.58,9725.02,4,20,5,0,0,0.0,5,0,3,3,12,1.95,3.94,0.0,0.0,1,550.0,518.58,0,0,0,0,0,0,0,0,0,0,0,518.12,7439.52,5858.45,0.3907815631262525,0.3286071726438699,0.0,0.0,0.9428727272727273,2,0.0,11.609999999999673,0.0,20.0,28.0,0.0,1.0,1.0,0.0,0.0,0.0,0.0,0.0,0.0,0.0,1.0,-1.0000000000000002,-1.0100000000000002,0.0,0.0,0.0,0.0,-14.0,0.0,0.0,0.0,0.0,0.0,0.0,0.0,0.0,0.0,0.0,0.0,0.0,1.009999999999991,11.610000000000582,8.4399999999996,-0.20040080160320645,-0.08423686405337782,0.0,0.0,-0.025454545454545507,0.0,0.0,1.6666666666666667,0.0,10.0,GZC,35.28000000000003,-0.4833333333333334,7.3684688063769865,0.10965314715110476,"(-39.60, 1.85, 0.13)",,,,,,,"(-0.13, 0.01, -0.99)",1,0,1,0,1,1,1,1,1,1,0.0,2.1
5256,5256,220507_072322,0,Colosseo,0,529.2,PHI,Offense,0.0,Belosrea,Winston,6815.81,1152.09,12111.98,9812.07,4,21,6,0,0,0.0,6,0,3,3,34,0.0,5.31,0.0,0.0,1,550.0,536.56,0,0,0,0,0,0,0,0,0,0,0,529.2,7967.900000000001,5963.49,0.0,0.4428690575479566,0.0,0.0,0.9755636363636363,4,0.0,11.140000000000327,30.0,19.19999999999891,13.44000000000051,0.0,1.0,1.0,0.0,0.0,0.0,1.0,0.0,0.0,0.0,1.0,0.0,-1.0100000000000007,0.0,0.0,0.0,0.0,-5.380000000000109,0.0,0.0,0.0,0.0,0.0,0.0,0.0,0.0,0.0,0.0,0.0,0.0,1.0,41.14000000000033,0.0,0.0,-0.08423686405337794,0.0,0.0,-0.009781818181818336,1.0,-1.75,1.75,0.0,10.0,GZC,35.28000000000003,-0.4833333333333334,7.3684688063769865,0.10965314715110476,"(-40.62, 3.79, -28.25)",,,,,,,"(-0.47, 0.20, -0.86)",1,0,0,0,0,1,0,0,0,0,0.0,2.1
